iter	Logloss
0	0.6677433793
1	0.6444171918
2	0.6230141667
3	0.6032238006
4	0.5811096017
5	0.5627543546
6	0.545296012
7	0.5291797857
8	0.511547714
9	0.4976289297
10	0.482793985
11	0.4693804735
12	0.4592743
13	0.4480786824
14	0.4391089232
15	0.4291579245
16	0.421750387
17	0.4145462618
18	0.4075964424
19	0.4006153988
20	0.3938059871
21	0.3887077407
22	0.382775291
23	0.3765497025
24	0.3722607093
25	0.3678354088
26	0.3636141739
27	0.3599167931
