Гостиница,Банк. карта (SberPay): Эквайринг ComfortBooking (Банк. карта) (SberPay),Банк. карта (Yandex Pay): Эквайринг ComfortBooking (Банк. карта) (Yandex Pay),Банк. карта [Кешбэк. МИР]: Эквайринг ComfortBooking (Банк. карта),Банк. карта [Кешбэк. МИР]: Эквайринг TravelLine Pro (Банк. карта),Банк. карта: Банк Россия (банк. карта),Банк. карта: Эквайринг ComfortBooking (Банк. карта),Внешняя система оплаты,Внешняя система оплаты (Банковская карта),Внешняя система оплаты (Оплата наличными),Внешняя система оплаты (С предоплатой),Гарантия банковской картой,Отложенная электронная оплата: Банк Россия (банк. карта),При заселении,Система быстрых платежей: Эквайринг ComfortBooking (Система быстрых платежей)
1,,,0.0063656725215136154,0.059648709183072024,0.5463868914299187,0.00023576564894494873,0.012141930920664859,0.0063656725215136154,0.0003536484734174231,0.0726158198750442,0.029117057644701166,0.14782506188848285,0.022633502298715077,0.09631026759401155
2,0.0005428881650380022,0.00013572204125950055,0.005700325732899023,0.061617806731813246,0.5320304017372421,0.0031216069489685126,0.013707926167209554,,0.0024429967426710096,0.0747828447339848,0.028365906623235612,0.15567318132464714,0.03040173724212812,0.09147665580890336
3,0.0002498126405196103,,0.006120409692730452,0.060579565326005495,0.4982513115163627,0.0037471896077941546,0.01236572570572071,,0.005620784411691232,0.07094678990756932,0.04534099425430927,0.15888083937047215,0.033974519110667,0.10392205845615789
4,0.00043159257660768235,,0.01078981441519206,0.07293914544669831,0.5192058696590419,0.001294777729823047,0.012516184721622789,,0.001294777729823047,0.06042296072507553,0.024600776866637895,0.19637462235649547,0.0069054812257229176,0.0932239965472594
